INSERT INTO product_type
    ("type")
VALUES
    ('sweet'),
    ('savory');

INSERT INTO product
    ("name",description,price,sku,product_type)
VALUES
    ('Apple', 'Made with Haralson Apples from Pepin Heights Orchard in Lake City, our strudel is perfectly matched with the right balance of cinnamon and sugar.', '15.00', '100', 1),
    ('Three-Berry Cream Cheese', 'Raspberries. Marion berries and Blueberries and a bit of brown sugar and cinnamon and cream cheese, eggs and brown sugar are blended together for a taste of Heaven.', '15.00', '101', 1),
    ('Three-Berry', 'Raspberries. Blackberries and Blueberries and a bit of brown sugar and cinnamon are blended together for a satisfyingly delicious strudel.', '15.00', '102', 1),
    ('Apple Cheddar', 'Haralson apples mixed with our special blend of seasonings with grated sharp cheddar.', '15.00', '103', 1),
    ('Pear-Ginger', 'A wonderful combination of sweet Bartlett pears, brown sugar and ginger wrapped in a flakey puff pastry.', '15.00', '104', 1),
    ('Strawberry-Rhubarb', 'Made from locally grown rhubarb and strawberries combined with the perfect balance of sugar, cinnamon and nutmeg.', '15.00', '105', 1),
    ('Raspberry Toasted-Almond Cream Cheese', 'Raspberries, on top of a layer of sweetened cream cheese blended with toasted almonds. Mmmmmmm…', '15.00', '106', 1),
    ('Banana-Chocolate-Hazelnut', 'Carmelized bananas, a hint of citrus and cinnamon, mixed with Nutella and toasted hazelnuts will make your mouth water and your taste buds scream with delight.', '15.00', '107', 1),
    ('Fig, Honey & Goat Cheese', 'This strudel is made with Mission Figs, pure Minnesota honey and lovely goat cheese. A winner for breakfast or an after dinner treat.', '15.00', '108', 1),
    ('Colorado Peach-Blueberry', 'Add Maine blueberries to our Colorado Peach strudel and you have something worth waking up for.', '15.00', '109', 1),
    ('Colorado Peach', 'Fresh Colorado peaches in perfect ripeness, rich with flavor and succulence, seasoned with a hint of cinnamon and brown sugar, wrapped in our puff pastry.', '15.00', '110', 1),
    ('Tart Cherry', 'Tart Michigan pie cherries and sweet Bing cherries are married to create a deliciously balanced strudel sure to please the cherry lover in your family.', '15.00', '111', 1),
    ('Chocolate Covered Raspberry', 'This strudel is a scarey-delicious blend of raspberries and bittersweet chocolate. A new favorite of many of our customers.', '15.00', '112', 1),
    ('Raspberry-Rhubarb', 'Made from locally grown rhubarb and raspberries combined with the perfect balance of sugar, cinnamon and nutmeg.', '15.00', '113', 1),
    ('Blueberry-Lemon', 'This is a perfect balance of wild blueberry and fresh lemon combined with a touch of sugar, cinnamon and nutmeg. ​', '15.00', '114', 1),
    ('Blueberry Lemon Cream Cheese', 'Add cream cheese to our already-lovely blueberry-lemon strudel and the taste factor reaches succulent.​', '15.00', '115', 1),
    ('Poppy Seed', 'The rich taste of ground poppy seeds, cream, honey, sugar and currants make one hearken back to the taste of the Old Country.', '15.00', '116', 1),
    ('Reuben', 'Corned Beef, sauerkraut, Swiss cheese and Thousand Island dressing make this a new favorite of many.', '20.00', '117', 2),
    ('Three Cheese Burger', 'Lean ground beef; onions, diced tomatoes and pickles combined with cheddar, mozzarella and provolone make this strudel a crowd-pleaser.', '20.00', '118', 2),
    ('Chicken Marinara Mozzarella', 'Chicken, mozzarella, Parmesan and a touch of onion, then married to a marinara sauce baked to perfection inside a puff pastry.', '20.00', '119', 2),
    ('Chicken Asparagus Alfredo', 'Take white meat of chicken, add diced onions, fresh asparagus, Parmesan and mozzarella and the perfect amount of creamy Alfredo sauce, wrap it in a flakey puff pastry and voila- PERFECTION!', '20.00', '120', 2),
    ('Chicken Pot Pie', 'Just like grandma used to make, our chicken pot pie strudel combines chicken breast meat, a plethora of vegetables, and a hand-made gravy.  Certain to channel the presence of grandma.', '20.00', '121', 2),
    ('Chicken Cordon Bleu', 'Diced chicken breast blended with a béchamel sauce and Swiss cheese,seasoned with nutmeg and thyme, wrapped in smoked ham and puff pastry. Makes alovely entrée with a side salad.', '20.00', '122', 2),
    ('Strudel Lorraine', 'Breakfast never tasted so good.  Eggs, cream, spinach, sundried tomatoes and Swiss cheese are skillfully combined to create this unique and delicious strudel.', '20.00', '123', 2),
    ('Salmon Duxelles', 'We take the freshest salmon seasonally available and add a sauté of diced mushroom and shallots teamed with chardonnay and cream and finish them with roasted red pepper and wrap in a delicate puff pastry.', '20.00', '124', 2),
    ('Mucho Burrito', 'Lean ground beef, onions, black beans, diced tomatoes, salsa and chipotle chili combined with Cheddar and Monterrey Jack cheeses make this a wonderful choice for the spicy appetite.', '20.00', '125', 2); 
    ('Spinach, Feta, Artichoke Heart, & Roasted Red Pepper', 'Mozzarella, ricotta, Parmesan, lemon, mint and garlic round off this wonderful and hearty strudel.', '20.00', '126', 2); 
    ('Turkey Cranberry Swiss', 'Cooked lean ground free-range turkey from Ferndale Turkey Farms in Cannon Falls, MN is married with dried cranberries, Swiss cheese and a hint of turkey gravy.  Think Thanksgiving in a mouthful.', '20.00', '127', 2); 
    ('Philly Cheese-Steak', 'Thinly sliced beef, sautéed with onions, mushrooms, green and sweet red peppers combined with a hint of garlic, provolone and mozzarella cheeses bring the tastes of the East Coast to the Midwest.', '20.00', '128', 2); 
    ('Mushroom Medley', 'A mixture of button, portobella and oyster mushrooms saute’d with shallots and finished with Chardonnay and cream and laced with goat cheese.', '20.00', '129', 2); 
    ('Italian Stallion', 'If Guido were German, this would be his favorite strudel.  Pepperoni, spicy Italian sausage, onions, mozzarella, provolone, Parmesan and a touch of pizza sauce.  Bellissimo paisan!', '20.00', '130', 2); 
    ('Cuban', 'Pulled pork, off-the-bone ham, mustard, swiss cheese, pickles, and banana peppers perform a culinary dance on your palate to a Miami beat!', '20.00', '131', 2); 
    ('Roasted Vegetable & White Bean', 'Carrots, red onion, mushrooms, zucchini, sweet red peppers, yellow peppers, combined with a four cheese Italian blend and canelli beans.', '20.00', '132', 2); 
    ('Brat N Kraut', 'Bratwurst, sauerkraut, onions and spices sautéed and mixed with Muenster cheese and baked in puff pastry.  Serve with whole-grain mustard.', '20.00', '133', 2); 

INSERT INTO organization
    (person_id, name, street_address, city, state, zip_code, contact_name, contact_phone, contact_email)
VALUES
    (1, 'Eagan High School', '4185 Braddock Trail', 'Eagan', 'MN', '55123', 'Jim Johnson', '123-456-7890', 'JJ@email.com'),
    (2, 'Rosemount High School', '3335 142nd St W', 'Rosemount', 'MN', '55068', 'Biron Rundle', '123-456-7890', 'BR@email.com'),
    (3, 'Orono-Mound Schools', '685 N. Old Crystal Bay Road', 'Long Lake', 'MN', '55356', 'Jodene Crowley', '123-456-7890', 'JC@email.com'),
    (4, 'Twin Cities German Immersion School', '1031 Como Avenue', 'St.Paul', 'MN', '55103', 'Dana Garbaggio', '123-456-7890', 'DG@email.com'),
    (5, 'St. Marys Church, 1701 5th St NE', 'Minneapolis', 'MN', '55413', 'Norm Hamm', '123-456-7890', 'NH@email.com');

INSERT INTO campaign
    (organization_id,url,name,date_start,date_end,notes,info_url,goal)
VALUES
    (1,'EHS-Boys-Hockey-Spring-2018','EHS Boys Hockey Spring 2018','3-7-2018','6-1-2018','For new hockey arena','http://www.eaganhs.portal.rschooltoday.com/','3,000.00'),
    (1,'EHS-Choir-May-2018','EHS Choir May 2018','5-1-2018','5-28-2018','For new robes','http://www.eaganhs.portal.rschooltoday.com/','2,000.00'),
    (1,'EHS-Girls-Swimming-Summer-2018','EHS Girls Swimming Summer 2018','6-5-2018','8-5-2018','For pool expansion','http://www.eaganhs.portal.rschooltoday.com/','10,000.00'),
    (2,'RHS-Girls-Softball-April-2018','RHS Girls Softball April 2018','4-1-2018','5-1-2018','For new fields','http://public.district196.org/rhs/','1,000.00'),
    (2,'RHS-Theater-Spring-2018','RHS Theater Spring 2018','2-1-2018','5-1-2018','For new costumes','http://public.district196.org/rhs/','3,500.00'),
    (2,'RHS-Speech-2018','RHS Speech 2018','3-1-2018','6-1-2018','For new costumes','http://public.district196.org/rhs/','1,500.00'),
    (3,'OMS-Dance-Winter-2018','OMS Dance Winter 2018','1-7-2018','4-7-2018','For new stage','https://www.westonka.k12.mn.us/','1,500.00'),
    (3,'OMS-Baseball-May-2018','OMS Baseball May 2018','5-7-2018','6-7-2018','For new field','https://www.westonka.k12.mn.us/','1,000.00'),
    (3,'OMS-Band-Summer-2018','OMS Band Summer 2018','5-7-2018','8-7-2018','For new stage','https://www.westonka.k12.mn.us/','6,000.00'),
    (4,'TCGIS-Winter-2018','TCGIS Winter 2018','1-1-18','2-15-18','For new addition','https://www.tcgis.org/','1,000.00'),
    (4,'TCGIS-Spring-2018','TCGIS Spring 2018','3-1-18','5-1-18','For new addition','https://www.tcgis.org/','1,000.00'),
    (4,'TCGIS-Summer-2018','TCGIS Summer 2018','6-1-18','8-1-18','For new addition','https://www.tcgis.org/','1,000.00'),
    (5,'Sixth-Grade-Spring-2018','Sixth Grade Spring 2018','3-1-18','6-1-18','For new statue','http://www.stmarysoca.org/','1,000.00'),
    (5,'Seventh-Grade-Spring-2018','Seventh Grade Spring 2018','3-1-18','6-1-18','For new statue','http://www.stmarysoca.org/','1,000.00'),
    (5,'Eighth-Grade-Spring-2018','Eighth Grade Spring 2018','3-1-18','6-1-18','For new statue','http://www.stmarysoca.org/','1,000.00'),


INSERT INTO available_item
    (campaign_id,product_id)
VALUES
    (1, 100),(1, 102),(1, 106),(1, 108),(1, 111),(1, 117),(1, 120),(1, 121),(1, 122),(1, 127),
    (2, 101),(2, 103),(2, 104),(2, 108),(2, 113),(2, 118),(2, 119),(2, 126),(2, 129),(2, 133),
    (3, 103),(3, 104),(3, 107),(3, 110),(3, 114),(3, 118),(3, 120),(3, 126),(3, 129),(3, 130),
    (4, 105),(4, 111),(4, 113),(4, 114),(4, 115),(4, 118),(4, 119),(4, 125),(4, 130),(4, 132),
    (5, 102),(5, 103),(5, 106),(5, 111),(5, 112),(5, 120),(5, 121),(5, 124),(5, 128),(5, 129),
    (6, 100),(6, 104),(6, 107),(6, 113),(6, 114),(6, 119),(6, 122),(6, 125),(6, 131),(6, 133),
    (7, 101),(7, 103),(7, 105),(7, 110),(7, 111),(7, 120),(7, 121),(7, 122),(7, 123),(7, 128),
    (8, 106),(8, 107),(8, 108),(8, 112),(8, 115),(8, 120),(8, 121),(8, 128),(8, 129),(8, 130),
    (9, 104),(9, 107),(9, 108),(9, 109),(9, 110),(9, 118),(9, 119),(9, 121),(9, 123),(9, 129),
    (10, 102),(10, 106),(10, 107),(10, 114),(10, 115),(10, 120),(10, 122),(10, 124),(10, 130),(10, 131),
    (11, 105),(11, 109),(11, 113),(11, 115),(11, 116),(11, 117),(11, 124),(11, 127),(11, 128),(11, 132),
    (12, 103),(12, 104),(12, 108),(12, 109),(12, 110),(12, 121),(12, 123),(12, 125),(12, 127),(12, 130),
    (13, 100),(13, 101),(13, 108),(13, 114),(13, 115),(13, 118),(13, 119),(13, 120),(13, 127),(13, 132),
    (14, 106),(14, 107),(14, 109),(14, 111),(14, 112),(14, 120),(14, 123),(14, 127),(14, 128),(14, 129),
    (15, 104),(15, 111),(15, 112),(15, 113),(15, 114),(15, 117),(15, 125),(15, 126),(15, 131),(15, 132);


INSERT INTO customer
    (campaign_id,notes,street_address,city,state,zip_code,name,email_address,name_of_reference)
VALUES
    (1,'School pickup','123 A Street','Eagan','MN','55123','Kevin Hogan','KH@email.com','Steve Hogan'),
    (1,'School pickup','123 B Street','Eagan','MN','55123','Nancy Brown','NB@email.com','Matt Brown'),
    (1,'School pickup','123 C Street','Eagan','MN','55122','Kim Manikowski','KM@email.com','Kyle Manikowski'),
    (1,'Brennan will deliver','123 D Street','Eagan','MN','55121','Danny Squires','DS@email.com','Brennan Squires'),
    (1,'Mitch will deliver','123 E Street','Eagan','MN','55121','Linda Towle','LT@email.com','Mitch Lay'),
    (2,'School pickup','234 A Street','Eagan','MN','55123','Adam Adams','AA@email.com','Andy Adams'),
    (2,'School pickup','234 B Street','Eagan','MN','55123','Barry Bonds','BB@email.com','Bobby Bonds'),
    (2,'School pickup','234 C Street','Eagan','MN','55123','Charlie Cheese','CC@email.com','Chucky Cheese'),
    (2,'School pickup','234 D Street','Eagan','MN','55123','Donald Driver','DD@email.com','Daren Driver'),
    (2,'Eddie will deliver','234 E Street','Eagan','MN','55123','Edgar Evans','EE@email.com','Eddie Evans'),
    (3,'School pickup','345 A Street','Eagan','MN','55123','Abby Jones','AJ@email.com','Kim Jones'),
    (3,'School pickup','345 B Street','Eagan','MN','55123','Barb Hoffman','BH@email.com','Kate Hoffman'),
    (3,'School pickup','345 C Street','Eagan','MN','55123','Gail Myers','GM@email.com','Sally Struthers'),
    (3,'School pickup','345 D Street','Eagan','MN','55123','Danny Baker','DB@email.com','Abby Adams'),
    (3,'Liz will deliver','345 E Street','Eagan','MN','55122','Chet Owens','CO@email.com','Danica Peter'),
    (4,'School pickup','456 A Street','Rosemount','MN','55068','Bob Evans','BE@email.com','Delilah Jones'),
    (4,'School pickup','456 B Street','Rosemount','MN','55068','Jim Stevens','JS@email.com','Cathy Stevens'),
    (4,'School pickup','456 C Street','Rosemount','MN','55068','Mary Winters','MW@email.com','Martha Winters'),
    (4,'School pickup','456 D Street','Rosemount','MN','55068','Brady Bowers','BB@email.com','Liz Owen'),
    (4,'Student will deliver','456 E Street','Rosemount','MN','55068','Al Roberts','AR@email.com','Alice Roberts'),
    (5,'School pickup','567 A Street','Rosemount','MN','55068','Roy Schmidt','RS@email.com','Steve Bailey'),
    (5,'School pickup','567 B Street','Rosemount','MN','55068','Gary Brown','GB@email.com','Matt Brown'),
    (5,'School pickup','567 C Street','Rosemount','MN','55068','Chelsea Beach','CB@email.com','Paul Beach'),
    (5,'School pickup','567 D Street','Rosemount','MN','55068','Bob Schedin','BS@email.com','Emily Schedin'),
    (5,'Student delivery','567 E Street','Rosemount','MN','55068','Paul Eggen','PE@email.com','Ryan Eggen'),
    (6,'School pickup','678 A Street','Rosemount','MN','55068','Joe Roberts','JR@email.com','Tom Roberts'),
    (6,'School pickup','678 B Street','Rosemount','MN','55068','Mike Redfield','MR@email.com','Joe Redfield'),
    (6,'School pickup','678 C Street','Rosemount','MN','55068','Paul Clements','DC@email.com','Dave Clements'),
    (6,'School pickup','678 D Street','Rosemount','MN','55068','Marcia Myers','MM@email.com','Susie Myers'),
    (6,'Paul will deliver','678 E Street','Rosemount','MN','55068','Mike Green','KG@email.com','Kyle Green'),
    (7,'School pickup','789 A Street','Mound','MN','55356','Steve Jobs','SG@email.com','Mark Jobs'),
    (7,'School pickup','789 B Street','Mound','MN','55356','Logan Morris','LM@email.com','Sarah Morris'),
    (7,'School pickup','789 C Street','Mound','MN','55356','Mitch Morgan','MM@email.com','Lisa Peter'),
    (7,'School pickup','789 D Street','Mound','MN','55356','Kelly Harden','KH@email.com','Joey Bosa'),
    (7,'Maggie will deliver','789 E Street','Mound','MN','55356','Bruce Boss','BB@email.com','Maggie Howard'),
    (8,'School pickup','891 A Street','Mound','MN','55356','Danny Lee','DL@email.com','Lars Lee'),
    (8,'School pickup','891 B Street','Mound','MN','55356','Sarah Suther','SS@email.com','Brad Lu'),
    (8,'School pickup','891 C Street','Mound','MN','55356','Howard Tut','HT@email.com','Steve Tut'),
    (8,'Student Delivery','891 D Street','Mound','MN','55356','Brad Crowder','HT@email.com','Nate Crowder'),
    (8,'Student Delivery','891 E Street','Mound','MN','55356','Mary Williams','MW@email.com','Joe Williams'),
    (9,'School pickup','901 A Street','Mound','MN','55356','Susan Bee','SB@email.com','Kate Bee'),
    (9,'School pickup','901 B Street','Mound','MN','55356','Dan Wilson','DW@email.com','Steve Myers'),
    (9,'School pickup','901 C Street','Mound','MN','55356','Cathy Withers','CW@email.com','Chuck Withers'),
    (9,'Student Delivery','901 D Street','Mound','MN','55356','Bill Bower','BB@email.com','Cam Bower'),
    (9,'Student Delivery','901 E Street','Mound','MN','55356','Audrey Smith','AS@email.com','Katrina Smith'),



INSERT INTO "order"
    (customer_id, quantity, campaign_id, product_name, product_price, product_sku)
VALUES
    (1, 2, 4, 'APPLE STRUDEL', '15.00', '100'),


